order_id,customer_name,quantity,price,country,product,order_date
1,Avie Checkley,20,3.49,Colombia,Mango Salsa,6/29/2025
2,Levi Scrammage,44,3.89,Honduras,Savory Pumpkin Soup,11/3/2025
3,Roda Klemz,76,24.99,Norway,Portable Grill Cover,2/4/2026
4,Amalle Beminster,2,34.99,Poland,Garden Hoses with Expandable Features,5/16/2025
5,Ced Dikle,39,119.99,Portugal,Noise-Canceling Headphones,9/13/2025
6,Say Musprat,9,4.99,Philippines,Lemon Sorbet,3/8/2025
7,Tammie Jery,39,19.99,Indonesia,Scented Candles,6/6/2025
8,Randee Ondrak,43,2.59,China,Peach Slices in Syrup,1/22/2026
9,Alexis Rooson,93,3.79,Brazil,Habanero Hot Sauce,4/16/2025
10,Fanni Lansbury,5,9.99,Pakistan,Travel Size Toiletry Bottles,2/5/2026
11,Gerald Quinnelly,97,44.99,China,Elegant Maxi Skirt,3/27/2025
12,Micki Gainsbury,56,3.99,Iran,Spicy Thai Coconut Soup,1/10/2025
13,Monika Benesevich,22,2.49,Indonesia,Mushroom Soup (canned),7/1/2025
14,Silvanus Riddoch,14,3.49,Philippines,Honeycrisp Apple Chips,6/26/2025
15,Anabal Dessant,1,3.29,Norway,Roasted Red Pepper Sauce,11/19/2025
16,Arch Ingliss,5,34.99,Japan,LED Christmas Tree Lights,3/9/2025
17,Edan Rusted,20,3.79,Mexico,Hibiscus Tea Bags,3/22/2025
18,Pincas Pichmann,19,19.99,China,Tea Infuser Bottle,9/4/2025
19,Lynette O'Halloran,63,34.99,China,Cold Brew Coffee Maker,2/8/2026
20,Georges Najara,19,99.99,China,Puffer Winter Coat,5/24/2025
21,Adele Canet,17,24.99,Indonesia,Kids' Gardening Kit,3/27/2026
22,Morry Huffadine,7,2.99,Guatemala,Eggs (dozen),12/16/2025
23,Bennett Ondrus,62,4.29,Kenya,Cranberry Almond Granola,11/9/2025
24,Ricki Daulby,12,89.99,Portugal,Wireless Gaming Headset,8/24/2025
25,Athene Strelitzer,84,99.99,Mongolia,Tailored Blazer,2/14/2026
26,Nial Snoad,59,18.99,Poland,Foldable Yoga Mat Carry Bag,3/27/2026
27,Annmarie Perigo,18,4.29,Argentina,Organic Green Tea,8/27/2025
28,Revkah Matuszewski,27,6.49,China,Savory Mushroom Risotto,2/21/2026
29,Bonni Spada,35,3.49,Benin,Organic Coconut Flakes,5/10/2025
30,Leontyne Warrington,32,1.99,Philippines,Himalayan Pink Salt,2/3/2026
31,Timoteo Checklin,18,3.99,China,Red Lentil Pasta,7/25/2025
32,Helyn Abrahamoff,9,39.99,Palestinian Territory,Fleece Hoodie,11/18/2025
33,Cash Vanichkov,75,2.49,Philippines,Nutty Granola Clusters,1/19/2025
34,Garold Wharton,94,64.99,China,Classic Pumps,9/26/2025
35,Patin Iremonger,64,12.99,China,Travel Sewing Kit,4/2/2025
36,Geri Million,29,19.99,Thailand,Mechanical Pencil Set,2/21/2025
37,Kathie Cavill,48,3.29,Poland,Hibiscus Herbal Tea,10/12/2025
38,Mirella Eady,87,19.99,Russia,Luxury Bath Salts,2/13/2025
39,Butch Gove,43,24.99,Russia,Insulated Coffee Mug,2/17/2025
40,Claudianus Garn,82,34.99,Uganda,Bamboo Cutting Board Set,4/17/2025
41,Burke Barensen,93,29.99,Indonesia,Under Desk Footrest,1/8/2026
42,Brendan Hallybone,48,199.99,Russia,Ergonomic Gaming Chair,7/8/2025
43,Sukey Clemencon,34,19.99,Russia,Kids' Building Blocks,6/13/2025
44,Karoly Frotton,48,8.49,Bulgaria,Marinara Parmesan Baked Ziti,4/27/2025
45,Jermaine Krauss,30,28.99,Russia,Window Bird Feeder with Suction Cups,4/29/2025
46,Caitlin Tatershall,57,6.49,Argentina,Vegetable Korma,12/11/2025
47,Blithe Winfindine,9,39.99,France,Pressure Washer Accessories Kit,6/25/2025
48,Koren Villaret,7,24.99,United States,Shatterproof Wine Glasses,8/9/2025
49,Christoph Label,49,19.99,Indonesia,Silicone Baking Mats,1/7/2025
50,Leonidas Haslen,82,5.49,China,Frozen Berry Medley,10/18/2025
51,Freddy Ingamells,81,34.99,China,Glass Food Containers,8/26/2025
52,Georas Cardew,69,39.99,Sweden,Luxury Yoga Mat,1/5/2025
53,Bertrand Aykroyd,38,29.99,China,Hiking Water Bottle with Filter,9/24/2025
54,Matthieu Newlands,31,39.99,Swaziland,Sporty Leggings,1/10/2026
55,Huntington Girth,36,5.99,Philippines,Mediterranean Chickpea Salad,8/18/2025
56,Dorice Stealey,25,6.99,Brazil,Chia Seeds,11/11/2025
57,Angela MacCrachen,64,2.99,Indonesia,Organic Italian Seasoning,5/25/2025
58,Austen Melson,21,29.99,Republic of the Congo,Laptop Stand,5/19/2025
59,Damaris Coxall,47,9.99,China,Personalized Pet ID Tags,4/5/2025
60,Farly Berthomieu,99,89.99,Indonesia,Smartphone Gimbal,12/20/2025
61,Karly McLernon,54,14.99,Indonesia,Car Seat Organizer,3/10/2025
62,Erena Drinkhill,74,14.99,Japan,Motorcycle Phone Mount,11/24/2025
63,Nil Traske,35,29.99,South Africa,Slingback Sandals,2/9/2026
64,Aime Pilbeam,93,3.49,Mozambique,Mango Salsa,5/5/2025
65,Rosita Sprowell,6,39.99,Norway,Smartphone UV Sanitizer,1/24/2026
66,Rhea Paggitt,75,19.99,Ukraine,Motion Sensor Light,8/30/2025
67,Ernesto Middlemiss,92,9.99,China,Microfiber Cleaning Cloth Set,4/20/2025
68,Rosamond Dimanche,1,14.99,Argentina,Field Journal,8/21/2025
69,Irvine Geere,69,19.99,Ukraine,Watercolor Set,2/26/2025
70,Ediva Ivanenko,17,4.99,China,Classic Caesar Salad Kit,6/14/2025
71,Laverna Skeeles,96,5.49,China,Garlic & Herb Goat Cheese,4/13/2025
72,Flora Riseborough,2,59.99,Barbados,Adjustable Laptop Desk,1/28/2025
73,Ronna Elwel,25,2.99,Jamaica,Asian Stir-Fry Vegetables,2/8/2025
74,Leigha Shelvey,63,149.99,Philippines,Adjustable Bar Stools,2/2/2025
75,Everard Imlaw,11,9.99,Russia,Colorful Post-It Notes Set,11/4/2025
76,Hestia Pagett,23,19.99,Sweden,Watercolor Brush Pens,3/5/2025
77,Federica Onslow,51,2.39,Japan,Creamy Coleslaw Mix,10/9/2025
78,Gunner Kyteley,18,2.99,Portugal,Cinnamon Roll Protein Bar,10/13/2025
79,Glenn Edeson,61,34.99,Peru,Garden Tool Set,4/2/2025
80,Joanna Rapport,26,29.99,Uganda,Camping Chair,2/23/2026
81,Marcos Gloyens,74,39.99,Yemen,Pet Carrier Backpack,5/23/2025
82,Penelope Ourtic,12,89.99,Indonesia,Portable Pet Stroller,5/28/2025
83,Itch Guittet,43,69.99,France,Portable Air Purifier,6/9/2025
84,Mattie Hadrill,82,3.29,Brazil,Frozen Edamame,4/22/2025
85,Rochelle Glitherow,59,2.49,Czech Republic,Savory Oatmeal,2/19/2025
86,Berri Sall,42,3.99,Portugal,Rustic Italian Breads,12/21/2025
87,Gabie Neville,6,2.29,Russia,Rice Cakes,3/4/2026
88,Cordy Dinnies,86,39.99,Russia,Personal Blender with Travel Cup,8/27/2025
89,Costanza Warnes,16,1.29,Honduras,Chickpeas,6/27/2025
90,Kora Casbolt,60,4.49,Portugal,Organic Black Bean Burger,3/28/2026
91,Ortensia Boyd,13,6.99,Venezuela,Vegetable Stir-Fry Kit,9/10/2025
92,Haze Atwel,75,109.99,Poland,Memory Foam Mattress Topper,1/8/2025
93,Alexine Lemonby,37,2.99,Brazil,Smoked Paprika,10/28/2025
94,Shawna Rimour,54,5.99,France,Pasta Salad Kit,1/3/2026
95,Audra Tynan,95,2.99,Argentina,Chocolate Syrup,3/25/2026
96,Siobhan Swyne,72,4.49,Czech Republic,Organic Black Bean Burger,12/9/2025
97,Emiline Bordman,98,29.99,China,Multicolored LED Strip Lights,9/6/2025
98,Delmor Redmille,32,89.99,China,Winter Insulated Jacket,3/5/2025
99,Hakeem Frostdicke,59,39.99,Nigeria,Smart LED Desk Lamp,4/17/2025
100,Putnem Tarzey,81,3.99,Greece,Zesty Garlic Hummus,10/10/2025
101,Carly Artin,19,3.79,Russia,Homemade Salsa,6/16/2025
102,Elise Clarke-Williams,37,12.99,Finland,Magnet Travel Fridge Magnets,8/11/2025
103,Brett Georges,19,4.49,Greece,Classic Vanilla Fudge,12/14/2025
104,Candis Algeo,73,7.49,Bangladesh,Teriyaki Tofu Stir-Fry,11/25/2025
105,Elfreda Gehrtz,19,5.99,Greece,Gluten-Free Pancake Mix,8/29/2025
106,Dag Christoffersen,94,24.99,Brazil,Magnetic Puzzle Board,7/8/2025
107,Rodolph Andrysek,19,12.99,Malaysia,Bamboo Charcoal Air Purifier Bags,5/15/2025
108,Shela Tackle,3,29.99,Indonesia,Beach Cover-Up,1/29/2026
109,Thorndike Magrane,20,4.49,Brazil,Peach & Mango Salsa,7/15/2025
110,Rubi Fader,54,4.99,China,Honey Roasted Almonds,9/8/2025
111,Thoma Iredale,38,39.99,China,Portable Campfire,10/19/2025
112,Dorelle Cornilleau,44,3.99,China,Sweet Potato Mash,8/25/2025
113,Gilberte Goodswen,86,5.49,Indonesia,Classic Cheeseburger Mix,2/14/2026
114,Lonee Antonignetti,76,99.99,Vietnam,Emergency Preparedness Kit,9/16/2025
115,Cynthy Stuart,29,5.99,South Sudan,Sesame Noodles,3/24/2026
116,Ysabel Fuggles,20,109.99,Suriname,Wireless Security Camera,3/26/2026
117,Tan Azemar,54,59.99,China,Electric Griddle with Removable Plates,5/11/2025
118,Emmery Towey,82,2.29,Albania,Hot Salsa,1/24/2026
119,Harmony Ilieve,74,2.99,Honduras,Buffalo Sauce,12/31/2025
120,Hy Charopen,39,29.99,Malaysia,Relaxed Fit Henley Shirt,3/12/2026
121,Katharina Hanlon,6,59.99,France,Foot Spa Bath Massager,9/20/2025
122,Alexi Fuke,52,3.79,France,Dried Apricots,8/8/2025
123,Pepito Tewkesbury.,87,29.99,China,Children's Science Experiment Lab Kit,1/25/2025
124,Samuele Verryan,97,14.99,Morocco,Fitness Activity Journal,3/24/2025
125,Joceline Keelan,62,2.79,Philippines,Whole Wheat Pita Bread,6/2/2025
126,Antoni A'Barrow,49,199.99,Indonesia,Digital Wireless Camera,3/21/2025
127,Erminia Hodgen,58,39.99,China,Non-Toxic Concrete Sealer,10/10/2025
128,Toddie Bidder,28,3.99,Indonesia,Pesto Pasta Sauce,3/27/2025
129,Oliviero Goold,13,16.99,China,Animal Paw Print Soap Dispenser,3/21/2026
130,Giuseppe Britten,85,25.99,Cuba,Over-The-Door Shoe Organizer,6/17/2025
131,Kendell Hutchinson,83,2.99,China,Banana Nut Oatmeal Cups,3/15/2026
132,Ripley Hamp,14,4.49,Philippines,Lentil Vegetable Curry,9/5/2025
133,John Andriss,87,14.99,Dominican Republic,Magic Color-Changing Mug,10/15/2025
134,Vale Forsyth,13,4.49,Poland,Cacao Powder,8/2/2025
135,Sarge Orthmann,81,1.99,Somalia,Lentil Soup (canned),1/8/2025
136,Libby Bortolutti,28,3.99,Indonesia,Sweet Potato Mash,9/21/2025
137,Joleen Reditt,14,2.99,Serbia,Chocolate Syrup,5/13/2025
138,Athena Folbigg,12,6.49,Mauritius,Popcorn Chicken,8/12/2025
139,Elisabeth Hansford,36,349.99,Azerbaijan,Foldable Electric Scooter,5/8/2025
140,Aleece Brice,42,3.59,Philippines,Cauliflower Gnocchi,10/3/2025
141,Carney Segge,94,4.49,Philippines,Organic Black Bean Burger,12/21/2025
142,Leontyne Loxdale,31,15.99,Nigeria,Dog Collar,8/20/2025
143,Alessandra Sissot,2,3.99,South Africa,Italian Herb Balsamic Marinade,6/14/2025
144,Kelsey De Ath,15,64.99,China,Classic Pumps,5/31/2025
145,Anderea Myderscough,2,14.99,Saint Kitts and Nevis,Chicken Parmesan Dinner Kit,2/4/2025
146,Ynez Clifford,1,29.99,France,Smart LED Light Strip,4/6/2025
147,Savina Bollom,6,3.99,Russia,Nut Butter Cups,1/26/2026
148,Reina Donohoe,43,29.99,Latvia,Electric Can Opener,7/13/2025
149,Gradeigh Unitt,28,2.99,Russia,Pumpkin Pie Spice,6/19/2025
150,Harriett Wilshaw,45,32.99,Czech Republic,Garden Hose,8/19/2025
151,Quinta Hillan,27,9.99,Indonesia,Pasta Portion Control Measure,11/1/2025
152,Jamaal Simonot,95,69.99,Cameroon,Wireless Earbuds,1/23/2025
153,Ailene McClurg,40,99.99,Indonesia,Juice Extractor,10/15/2025
154,Bride Arnauduc,49,59.99,France,Electric Food Steamer,8/24/2025
155,Merrill Border,26,2.69,Japan,Whole Grain Hamburger Buns,6/27/2025
156,Brandice McPaike,69,30,Canada,Portable Blender,10/19/2025
157,Rafaelita Goodier,36,29.99,Madagascar,Plant-Based Cookbook,3/9/2025
158,Richy Castagnet,82,4.49,Ukraine,Pomegranate Juice,10/18/2025
159,Florenza Wardell,4,3.69,Tajikistan,Cranberry Juice,2/2/2026
160,Gardner Daniell,42,22.99,China,Throw Pillow Covers,9/7/2025
161,Aharon Willan,70,8.99,Palestinian Territory,Organic Almonds,8/22/2025
162,Heather Simic,69,2.99,Portugal,Pumpkin Pie Spice,10/26/2025
163,Mirilla Palmar,18,9.99,Sweden,Collapsible Pet Dog Bowl,5/30/2025
164,Kamillah Kornousek,48,39.99,Philippines,Printed Maxi Skirt,5/3/2025
165,Swen McBeith,86,39.99,Panama,Noise Reduction Headphones,6/19/2025
166,Jody Capron,26,3.29,China,Garlic Herb Marinade,6/16/2025
167,Andriette Rospars,23,4.29,Mexico,Organic Cereal Bars,5/2/2025
168,Shurlock Blowne,57,2.99,Syria,Cinnamon Roll Protein Bar,3/24/2026
169,Shannon Suddell,15,34.99,Czech Republic,Personal Blender with Cups,1/18/2026
170,Nye Trayte,12,29.99,China,Graphic Print Leggings,10/13/2025
171,Garreth Rappoport,86,15.99,China,Screen Cleaning Kit,7/26/2025
172,Stephen Iacovuzzi,77,39.99,China,Crew Neck Sweater,8/2/2025
173,Patsy Sivill,59,159.99,Philippines,Telescope,4/10/2025
174,Ulick Shilliday,49,5.79,China,Coconut Curry Lentils,2/27/2025
175,Barri Deeming,61,3.69,Morocco,Crispy Potato Tots,5/18/2025
176,Edmund Chattock,66,25.99,United States,Wireless Mouse,8/23/2025
177,Sibyl Gerault,19,2.99,Colombia,Herb Seasoned Rice,3/26/2026
178,Obidiah Statefield,91,29.99,Indonesia,Fleece Lined Leggings,1/12/2026
179,Meggie Stollery,84,32.99,Poland,Garden Hose,1/22/2025
180,Brad Petras,14,2.49,Peru,Steak Seasoning Rub,7/31/2025
181,Cesare Baldree,84,99.99,Philippines,Smart Home Hub,2/24/2025
182,Keefe Plenty,42,79.99,China,Portable Massage Gun,6/23/2025
183,Melva Nunnerley,70,19.99,France,Microwave Popcorn Maker,3/16/2025
184,Margareta Bonsey,27,29.99,Australia,Portable Pet Bathing Tool,3/3/2025
185,Dorothea Lerner,89,29.99,Philippines,Relaxed Fit Henley Shirt,1/23/2026
186,Emma Tasseler,18,39.99,Poland,Hydration Backpack,9/20/2025
187,Marv Hinstridge,96,49.99,United States,Smart Fitness Scale,1/27/2025
188,Codee Worsell,44,25.99,Cameroon,Vintage Graphic Tee,4/4/2025
189,Christye Feldhorn,96,4.99,France,Cauliflower Rice Stir-Fry,1/3/2025
190,Isidora Morin,77,15.49,Indonesia,Smartphone Stand,2/7/2025
191,Heath O'Kane,49,2.99,Kazakhstan,Cilantro Lime Rice,3/24/2026
192,Wernher Waycott,76,3.79,Czech Republic,Gluten-Free Biscuits,6/20/2025
193,Papageno Solland,53,22.99,China,Gardening Tool Belt,4/30/2025
194,Celie Windmill,5,29.99,China,Striped Long Sleeve Shirt,5/26/2025
195,Chery Ludgrove,16,4.29,Russia,Classic Pesto Sauce,11/23/2025
196,Meyer Heims,72,3.29,Tunisia,Frozen Edamame,6/12/2025
197,Raynell Walne,8,3.49,China,Sesame Garlic Noodles,3/11/2026
198,Ninette Bromby,43,5.49,Iran,Sliced Ham,4/16/2025
199,Neille Andreev,91,22.99,China,Over-the-Door Shoe Organizer,12/9/2025
200,El Gonthard,66,4.99,Japan,Greek Feta Cheese,5/2/2025
201,Travus Borris,9,4.79,Russia,Caraway Rye Bread,6/27/2025
202,Julie Drains,80,3.99,Croatia,Kale Chips,12/11/2025
203,Ruddy Dukelow,67,2.99,China,Cinnamon Roll Protein Bar,1/24/2026
204,Jarad Garretts,33,39.99,Costa Rica,Antique Style Clock,10/19/2025
205,Petra Gaynes,27,39.99,Indonesia,Crew Neck Sweater,2/27/2026
206,Reube O'Scannill,89,59.99,Philippines,Electric Griddle with Removable Plates,1/2/2025
207,Andros Bronot,69,7.99,Greece,Olive Oil,1/17/2025
208,Renard Babbe,9,3.99,United States,Chocolate Chip Energy Balls,1/10/2025
209,Loraine Ebi,61,39.99,Czech Republic,Wireless Game Controller,1/31/2025
210,Dewitt Boal,25,4.59,Russia,Artisan Bread,2/6/2026
211,Betti Banthorpe,38,2.99,Colombia,Homestyle Chicken Noodle Soup,2/16/2026
212,Goddart Gabbatt,88,2.79,Philippines,Ginger Snaps,2/26/2025
213,Elisha Honacker,69,18.99,Peru,Adjustable Kneeling Pad,3/17/2026
214,Cesare Wombwell,21,3.49,Japan,Fruit Medley Juice,4/26/2025
215,Cynthia Wollrauch,36,19.99,France,Magnetic Chess Set,4/17/2025
216,Tamas Nehls,46,3.99,China,Beet Salad,7/28/2025
217,Eleonora Mackison,36,29.99,Indonesia,Relaxed Fit Henley Shirt,3/31/2026
218,Gawain Agdahl,40,34.99,Indonesia,Essential Oil Diffuser,2/6/2025
219,Stanwood McPhelimey,8,1.49,Tanzania,White Rice,5/26/2025
220,Dick Champkins,76,3.49,Netherlands,Apple Cinnamon Breakfast Muffins,1/10/2025
221,Kellia Zamboniari,84,34.99,Russia,Bike Helmet,7/13/2025
222,Mona Duff,24,4.99,Hungary,Crispy Tofu Bites,11/22/2025
223,Theodore Raeside,39,5.99,Japan,Maple Breakfast Sausage,3/29/2025
224,Paton Prestage,81,0.89,Poland,Sweet Potatoes,7/28/2025
225,Leeland Ambridge,65,10.99,Indonesia,Pork Tenderloin,4/1/2025
226,Chico Putley,26,3.99,Russia,Spicy BBQ Sauce,2/11/2026
227,Janeen Stealfox,78,44.99,China,Protein Powder,2/7/2026
228,Amanda Sindle,8,8.99,Portugal,Eco-Friendly Notepad,4/11/2025
229,Jess Avard,34,14.99,United States,Smoked Salmon,1/27/2025
230,Ange Ausello,50,19.99,Indonesia,Face Mask Set,2/28/2026
231,Rollin Pingston,49,15.49,Lithuania,Smartphone Stand,1/24/2025
232,Lorilee Blas,87,39.99,France,Cordless Electric Screwdriver,3/31/2025
233,Marney O'dell,7,29.99,Brazil,Leather Notebook Cover,4/1/2025
234,Urban Santon,71,89.99,France,Portable Charcoal Grill,1/8/2026
235,Nanni Perroni,2,6.49,China,Savory Mushroom Risotto,3/16/2026
236,Monte Gerrens,98,4.99,Croatia,Maple Pecan Pancake Mix,3/19/2025
237,Myer Domke,78,39.99,Ethiopia,Hair Dryer,12/25/2025
238,Roana Perring,91,3.49,Czech Republic,Peach Green Tea,2/5/2025
239,Sophronia Kirsche,52,39.99,United States,Mesh Sports Leggings,4/5/2025
240,Jessamyn Ridgwell,44,39.99,Czech Republic,Handcrafted Wooden Jewelry Box,2/27/2025
241,Dav Aiton,44,4.49,Brazil,Chocolate Hazelnut Granola,2/12/2025
242,Andonis Skey,67,49.99,Indonesia,Smart Fitness Scale,2/1/2026
243,Jarvis Poynton,13,29.99,France,Travel Beach Blanket,2/24/2026
244,Cynthy Simond,12,299.99,Mongolia,Digital Camera,7/4/2025
245,Karel Clute,43,29.99,Nepal,Fitness Resistance Bands Kit,6/4/2025
246,Ronica Agett,44,34.99,Myanmar,Travel Yoga Mat,3/21/2026
247,Rickard Digan,98,1.99,Indonesia,Sliced Olives,2/21/2026
248,Jessie Rixon,63,3.49,Portugal,Caramel Sauce,3/3/2025
249,Ariel Henbury,38,4.49,Philippines,Frozen Chicken Nuggets,11/1/2025
250,Vera Mitchley,45,7.99,Peru,Tandoori Chicken Skewers,3/6/2025
251,Ellene Creavan,25,69.99,Peru,Fitness Jump Box,4/1/2026
252,Ricardo Tattershaw,30,49.99,Portugal,Pet Travel Backpack Carrier,9/21/2025
253,Hale Staig,38,3.29,China,Tomatillo Salsa,2/23/2026
254,Sharleen Yirrell,55,6.49,Canada,Savory Mushroom Risotto,4/20/2025
255,Hymie Pendleberry,66,4.29,Croatia,Avocado Lime Dressing,6/7/2025
256,Arlinda Sapseed,83,14.99,China,Portable Phone Mug Holder,8/9/2025
257,Natalina Le Port,48,34.99,Japan,Beard Grooming Kit,1/10/2026
258,Johnathon Castilla,58,29.99,Brazil,Knitted Infinity Scarf,6/30/2025
259,Deeann Callow,4,2.99,Brazil,Garlic Herb Cream Cheese,4/16/2025
260,Phineas Mazzilli,81,15.99,China,Fitness Jump Rope,3/14/2025
261,Deeyn Sprasen,15,22.99,Ukraine,Bamboo Cotton Tank Top,2/22/2026
262,Riccardo Ducket,71,59.99,Indonesia,Electric Ice Cream Maker,4/7/2025
263,Amabelle Nockles,69,3.59,United States,Mediterranean Couscous,1/29/2025
264,Der L' Anglois,80,39.99,Philippines,Casual Cropped Sweater,3/21/2026
265,Kort Levis,34,34.99,China,LED Camping Lantern with USB Charging,9/2/2025
266,Lacey Jamme,14,44.99,Norway,Cat Scratching Post with Toys,12/17/2025
267,Grant Aronovitz,10,24.99,Czech Republic,Fashionable Fanny Pack,1/14/2025
268,Alva Blumfield,25,1.99,China,Black Olives,5/4/2025
269,Giusto Nichols,85,39.99,Canada,Wall-Mounted Wine Rack,3/18/2026
270,Lucius Hush,24,3.19,China,Honey Roasted Peanuts,1/15/2025
271,Gram Beetham,37,3.49,Portugal,Raspberry Vanilla Greek Yogurt,4/12/2025
272,Elsie Polotti,92,3.99,Benin,Beet Salad,3/24/2026
273,Emelina Napthine,9,7.99,South Africa,Organic Chia Seeds,2/6/2026
274,Reese Porrett,23,4.49,Sweden,Lentil Vegetable Curry,6/18/2025
275,Broddy Flewan,20,4.49,China,Zesty Garlic Marinade,4/21/2025
276,Alma Tebbet,17,10.99,Nigeria,Pork Tenderloin,1/23/2025
277,Chaunce Benoy,14,9.99,China,Coconut Curry Chicken,1/11/2025
278,Shadow Lightowler,23,24.99,Sweden,Noise Cancelling Ear Muffs,2/13/2026
279,Egor Greet,22,54.99,France,Utility Cargo Pants,2/11/2026
280,Maegan Levet,61,99.99,China,Fitbit Activity Tracker,4/10/2025
281,Burke Crippell,9,12.99,China,Shower Curtain Hooks,1/2/2026
282,Sammy Giannazzi,30,4.49,South Africa,Lentil Vegetable Stew,2/28/2025
283,Drud Decort,82,29.99,Yemen,LED Christmas Lights,4/23/2025
284,Layla Venney,51,4.99,Papua New Guinea,Almond Butter Granola Bars,9/6/2025
285,Bellanca Bollom,7,22.99,Laos,Puzzle Mat,12/13/2025
286,Brenn Faers,15,6.49,China,Teriyaki Chicken Bowl,4/21/2025
287,Wendie Do,95,34.99,Ukraine,Magnetic Whiteboard,4/24/2025
288,Law Leyborne,42,5.99,Ukraine,Mediterranean Chickpea Salad,8/7/2025
289,Granville Lanegran,95,24.99,Indonesia,Pet Safety Harness,5/3/2025
290,Geneva Baitman,90,3.99,Peru,Cocoa Powder,6/1/2025
291,Julio Waples,77,4.99,Poland,Kale Salad with Lemon Dressing,9/7/2025
292,Margi Screen,8,2.49,Greece,Artisan Pickles,9/25/2025
293,Carlota Harfoot,71,29.99,Indonesia,Chopping Board,3/6/2025
294,Elmira Troyes,16,49.99,Indonesia,Classic Slim Fit Shirt,6/26/2025
295,Kirsten Roulston,37,4.99,Sweden,Almond Flour Tortillas,3/30/2025
296,Taryn Collumbell,42,3.29,China,Pumpkin Spice Latte Mix,6/23/2025
297,Vanni Bernadon,95,3.99,Indonesia,Orange Ginger Vinaigrette,7/10/2025
298,Martynne Rowly,60,89.99,Brazil,Outdoor Adventure Kit,5/17/2025
299,Jaquelyn Morriss,49,39.99,China,Smart Water Bottle with Hydration Reminder,8/26/2025
300,Elissa Lovewell,24,29.99,Uganda,Smartphone Photography Ring Light,12/20/2025
301,Allina Heild,60,2.99,Russia,Flavored Instant Oatmeal,10/16/2025
302,Benita Trevarthen,89,59.99,Russia,Mini Indoor Hydroponic Garden,4/13/2025
303,Brnaba Simmens,11,44.99,Russia,Elegant Maxi Skirt,3/23/2026
304,Athene Gerbel,25,2.49,Brazil,Sea Salt Tortilla Chips,3/18/2025
305,Levon Santacrole,59,1.89,Philippines,Honeycrisp Apples,3/9/2025
306,Cyrille Domengue,89,59.99,China,Pet Tracking Collar,11/10/2025
307,Scottie Paladino,91,6.49,Moldova,Kale and Quinoa Salad,1/15/2026
308,Burg Lemme,3,12.99,Indonesia,Whisk Set,7/4/2025
309,Tammie Formilli,6,199.99,Japan,Digital Wireless Camera,2/9/2026
310,Hersh Petz,58,79.99,China,Digital Photo Frame,2/24/2026
311,Lionel Cristofvao,32,2.49,Latvia,Flavored Rice Cakes,1/17/2025
312,Mose Spinola,34,1.99,Indonesia,Organic Honeycrisp Apples,3/28/2026
313,Dot Treble,45,5.99,Portugal,Italian Sausage Links,1/17/2025
314,Fred Beatey,68,2.99,Serbia,Aged White Cheddar Popcorn,4/18/2025
315,Elizabet Weetch,95,3.59,Indonesia,Cauliflower Gnocchi,6/12/2025
316,Nathanial Roskrug,26,29.99,Brazil,Cotton Sweatpants,7/15/2025
317,Randell Ballantine,52,19.99,China,Motion Sensor Light,3/4/2025
318,Darell Lomasna,75,29.99,Pakistan,Outdoor Camping Hammock,1/14/2025
319,Licha Torrance,80,19.99,Jordan,Quality Chef Apron,1/8/2025
320,Sterne Bedding,41,3.99,Ireland,Ginger Turmeric Shots,12/16/2025
321,Buffy Le Sarr,73,19.99,Indonesia,Pet Grooming Brush,3/12/2026
322,Ewell Delacourt,67,24.99,Philippines,Bluetooth Car Adapter,4/20/2025
323,Rice Persehouse,58,9.99,Indonesia,Lemon Dill Salmon,7/10/2025
324,Faun Manolov,42,19.99,Greece,Digital Food Thermometer,1/3/2026
325,Felix Pischel,24,49.99,France,Heated Throw Blanket,3/29/2025
326,Gertrud Gouldie,77,14.99,Czech Republic,LED Flashing Pet Collar,12/30/2025
327,Jojo McKeowon,82,29.99,Japan,Hand Mixer,10/17/2025
328,Fawnia O'Carran,36,4.29,China,Blackberry Jam,6/17/2025
329,Donavon Marval,49,19.99,China,Wooden Kitchen Utensil Set,7/11/2025
330,Amandi Hamberston,70,2.99,Benin,Flavored Instant Oatmeal,1/23/2025
331,Jane Corsar,38,35.99,Philippines,Educational STEM Kit,9/1/2025
332,Luther Olin,83,3.49,Sweden,Classic Chicken Noodle Soup,8/17/2025
333,Mattie Liversage,83,1.99,Poland,Fresh Basil,3/18/2026
334,Giorgia Fransemai,93,3.99,Portugal,Turkey Bacon,12/30/2025
335,La verne Dobbison,38,4.99,Czech Republic,Chipotle Black Bean Burger,2/8/2026
336,Garek Riggulsford,32,5.99,Colombia,Nut Mix,11/21/2025
337,Raine Velareal,53,49.99,Colombia,Portable Camping Stove,1/18/2026
338,Arielle Beneyto,100,3.99,China,Black Bean Spaghetti,11/11/2025
339,Maryellen Nezey,93,59.99,China,Smart Scale,12/4/2025
340,Rosabel Antonetti,15,29.99,Indonesia,Picnic Blanket,1/30/2025
341,Vilhelmina Swarbrigg,18,12.99,Thailand,Whisk Set,6/1/2025
342,Aundrea Belin,54,3.99,Indonesia,Pesto Pasta Sauce,10/28/2025
343,Shelley Latch,98,5.49,Sweden,Organic Blueberries,11/17/2025
344,Valery Biskupiak,64,29.99,China,Children's Science Experiment Lab Kit,1/9/2025
345,Domenico Jeanin,39,24.99,Argentina,Travel Orthopedic Pillow,1/24/2025
346,Alysa Watting,34,2.99,Sweden,Organic Italian Seasoning,1/31/2026
347,Bari Streeten,56,39.99,China,Noise Reduction Headphones,10/2/2025
348,Cole Tue,67,2.99,China,Honey Butter Popcorn,8/31/2025
349,Roley O'Crigane,64,34.99,China,Classic Leather Wallet,12/17/2025
350,Michelina Barracks,98,24.99,Portugal,Handmade Wooden Utensil Set,1/3/2026
351,Brnaby Mercy,92,3.49,Norway,Honey Glazed Carrots,1/15/2025
352,Jo MacKartan,55,22.99,Indonesia,Over-the-Door Shoe Organizer,1/18/2026
353,Urban Wisam,14,99.99,China,Classic Watch,10/13/2025
354,Boycie Touzey,28,49.99,Indonesia,Compact Folding Table,2/11/2025
355,Merrilee Doddemeede,92,19.99,Brazil,Multi-Purpose Marine Rope,1/24/2026
356,Sherie Moulden,7,8.99,Brazil,Barbecue Chicken Pizza,2/27/2025
357,Mina Vasovic,54,2.49,Japan,Mushroom Soup (canned),9/11/2025
358,Wylma Gregoli,53,3.29,China,Almond Milk,11/22/2025
359,Zebedee Rossant,16,29.99,China,LED Canopy Lights,3/4/2026
360,Adorne Baudassi,62,79.99,Israel,Home Brewing Starter Kit,1/26/2026
361,Garnette Cloake,93,4.49,Philippines,Organic Black Bean Burger,1/25/2025
362,Efrem Matterson,87,4.29,Philippines,Lemon Garlic Marinade,10/17/2025
363,Nikola Jump,82,29.99,France,Pet First Aid Kit,7/29/2025
364,Enrichetta Kedward,11,12.99,Ivory Coast,Biodegradable Trash Bags,12/14/2025
365,Ailey Janaway,75,34.99,Croatia,Travel Yoga Mat,1/24/2026
366,Bethina Collingridge,30,34.99,Russia,Fashionable Belt Bag,9/11/2025
367,Donia Beckmann,77,1.29,Brazil,Ramen Noodle Soup Cups,1/31/2026
368,Nikolai Worge,42,4.99,France,Vegetable Samosas,1/12/2026
369,Kay Bazley,62,19.99,Indonesia,Sports Water Bottle with Infuser,3/21/2025
370,Netty Pothbury,54,5.99,Poland,Maple Breakfast Sausage,5/26/2025
371,Ky Sallter,50,4.99,Vietnam,Brownie Bites,12/3/2025
372,Laurena Robins,21,0.75,Philippines,Fresh Lemons,2/19/2026
373,Bettina Gregoletti,98,3.79,Greece,Sweet Potato Noodles,1/13/2025
374,Wolfy Vigers,29,3.99,China,Chocolate Chip Energy Balls,10/22/2025
375,Saw Garnett,40,14.99,China,Kids' Activity Book,9/1/2025
376,Lola Legen,48,14.99,Russia,Cotton Basic Tank,2/7/2026
377,Aileen Gentery,72,129.99,New Zealand,Kids Tablet,3/11/2025
378,Mathilde Sell,18,4.29,Myanmar,BBQ Jackfruit,2/27/2025
379,Eleonore Sheivels,61,49.99,Sweden,Self-Inflating Camping Mattress,7/7/2025
380,Virginia Carlozzi,98,3.49,Serbia,Caramel Apple Chips,6/8/2025
381,Justis Tailby,19,34.99,Russia,Bamboo Bathtub Caddy,4/13/2025
382,Raine Kaesmans,62,3.99,Brazil,Chia Seed Pudding,8/13/2025
383,Burk Sherwill,15,99.99,China,Smart Home Hub,9/10/2025
384,Teddie Crevy,95,29.99,Peru,LED Canopy Lights,7/29/2025
385,Pietra Bacon,60,34.99,Peru,LED Desk Light,9/8/2025
386,Conchita Neicho,65,39.99,Czech Republic,Ceramic Non-Stick Frying Pan,5/7/2025
387,Jammie Dungate,89,3.59,Moldova,Strawberry Fruit Spread,4/14/2025
388,Dela Rayer,70,24.99,Brazil,Pocket Blanket,3/30/2025
389,Susi Johncey,62,19.99,China,Children's Educational Puzzle,10/18/2025
390,Stesha Russo,13,2.69,Philippines,Balsamic Vinaigrette,4/11/2025
391,Corissa Rao,43,34.99,Sweden,Board Game,1/6/2025
392,Millie Keegan,15,24.99,Philippines,Insulated Lunch Bag,2/12/2026
393,Cherey Cubin,6,8.49,Portugal,Walnut Halves,11/24/2025
394,Karisa McCroft,1,12.99,Somalia,Car Escape Tool,3/12/2025
395,Ludovico Lohan,18,1.99,China,Frozen Spinach,5/3/2025
396,Audi Fells,63,34.99,Cameroon,Children's Art Set,5/9/2025
397,Daphne Hatherley,82,3.29,Poland,Turmeric Ginger Tea,5/11/2025
398,Carey Beldan,52,2.99,Belarus,Almond Joy Snack Bars,10/26/2025
399,Augustina Bownass,44,4.99,Philippines,Almond Flour Tortillas,2/7/2025
400,Reinaldo Drewitt,22,19.99,Russia,Nature Explorer Lens Kit,10/31/2025
401,Jennilee Tubbs,70,299.99,Trinidad and Tobago,Portable Air Conditioner,12/5/2025
402,Fran Borg,1,10.99,Canada,Brazil Nuts,11/25/2025
403,Ophelia Thridgould,58,4.49,Honduras,Zesty Garlic Marinade,6/2/2025
404,Camilla Samples,97,29.99,Philippines,Bicycle Lock,9/21/2025
405,Edouard Spearett,45,7.49,France,Cheddar & Bacon Potato Skins,2/6/2025
406,Sibbie Stace,8,4.49,Comoros,Greek Yogurt Parfait,6/18/2025
407,Finn Dumingos,36,4.99,Ghana,Kale Salad Kit,9/13/2025
408,Mitchael Elfe,57,39.99,Sweden,Chiffon Blouse,10/2/2025
409,Jermayne Gandar,76,49.99,Russia,Electric Griddle with Lid,10/26/2025
410,Myca Reggiani,12,14.99,France,Pet Hair Removal Brush,4/1/2025
411,Chas Cousens,100,5.49,Indonesia,Asian Stir-Fry Kit,8/1/2025
412,Korry Selway,93,19.99,Burundi,LED Strip Lights,8/3/2025
413,Sigismond Teideman,48,19.99,Indonesia,3D Night Light,4/14/2025
414,Mari Dimitriou,39,2.99,Sweden,Almond Joy Snack Bars,5/10/2025
415,Granger Domingues,56,29.99,Democratic Republic of the Congo,Bike Repair Tool Kit,12/5/2025
416,Shena Grishanov,14,4.99,Indonesia,Blueberry Chia Jam,3/14/2025
417,Julianna Dowglass,39,49.99,China,Digital Voice Recorder,6/28/2025
418,Adrianne Carr,78,5.99,Haiti,Green Smoothie Mix,8/13/2025
419,Alexa Toyne,27,1.99,Indonesia,Frozen Mixed Vegetables,2/18/2026
420,Kingsley Edelheit,68,2.29,China,Chocolate Mint Cookies,8/31/2025
421,Georgeanna Collumbine,32,2.49,Russia,Tandoori Chicken Marinade,1/28/2025
422,Royce Frensch,50,99.99,Portugal,Luxury Rolling Makeup Case,11/5/2025
423,Leopold Broske,90,45.99,Norway,Vintage Button-Down Shirt,11/28/2025
424,Taddeo Deas,52,12.99,China,Compressed Towel Tablets,1/5/2026
425,Barnie Bozward,37,59.99,Brazil,Water-Resistant Bluetooth Speaker,1/3/2026
426,Quent Caldairou,10,3.79,Sweden,Raisin Cinnamon Granola,3/3/2026
427,Bobby O' Timony,70,12.99,Thailand,Blender Bottle,5/25/2025
428,Eldredge Beynkn,79,4.99,South Korea,Classic Cheesecake Mix,3/27/2025
429,Marj Rivalant,71,4.59,China,Artisan Bread,2/4/2026
430,Bax Chsteney,97,2.29,Libya,Rice Pudding,10/19/2025
431,Hermina Semper,100,79.99,Slovenia,Tabletop Fire Pit,3/30/2026
432,Carree Chalk,30,8.99,Venezuela,Chicken Fajita Kit,9/6/2025
433,Lynnea Bengle,94,1.79,Malaysia,Brown Sugar,11/6/2025
434,Bertrand Saladine,56,4.99,Philippines,Feta Cheese,7/23/2025
435,Osborn De Souza,32,3.79,China,Habanero Hot Sauce,3/26/2025
436,Ham Belden,91,2.89,Indonesia,Apple Cinnamon Oatmeal,11/22/2025
437,Meridith Giacobbo,92,34.99,Brazil,Interactive Robot Toy,11/2/2025
438,Orville Petworth,24,25.99,Ukraine,Wireless Mouse,1/26/2026
439,Renee Masden,4,24.99,Russia,Magnetic Screen Door,12/28/2025
440,Shell Isenor,82,12.99,Morocco,Beef Stroganoff Meal Kit,1/19/2025
441,Broderic Goodrich,27,22.99,Philippines,Gardening Tool Belt,4/28/2025
442,Kesley Yoxall,10,5.99,Russia,Organic Vanilla Bean Ice Cream,2/18/2025
443,Randolf Hegdonne,84,1.99,Indonesia,Italian Herbal Seasoning,2/4/2025
444,Orelle Dadds,79,39.99,Japan,Portable Campfire,4/14/2025
445,Rivkah Sever,75,34.99,South Africa,Bamboo Memory Foam Pillow,12/26/2025
446,Avery Berkery,2,14.99,Portugal,Stainless Steel Grater,9/3/2025
447,Pascal Boggis,65,39.99,Costa Rica,Adjustable Resistance Bands,12/27/2025
448,Erastus Sedgwick,54,299.99,Armenia,Arcade Game Machine,5/17/2025
449,Kial Raraty,34,29.99,Latvia,Comfy Slippers,6/29/2025
450,Tyson Battyll,25,29.99,Czech Republic,Halloween Decoration Set,3/31/2026
451,Adelind Fenelow,17,3.29,Lithuania,Garden Vegetable Soup,9/20/2025
452,Guinevere Bibbie,58,2.99,Azerbaijan,Saffron Rice Mix,8/8/2025
453,Renell Rarity,62,8.49,Indonesia,Honey Garlic Shrimp,3/10/2026
454,Sharlene Luton,25,4.99,Colombia,Roasted Garlic Pasta Sauce,3/22/2025
455,Reyna Fazzioli,22,89.99,China,Electric Pressure Cooker,6/1/2025
456,Guenevere Colbron,31,4.29,Indonesia,Shredded Cheese,12/6/2025
457,Susanne Natte,29,54.99,Brazil,Ripped Boyfriend Jeans,11/11/2025
458,Fredrika Atcock,96,14.99,China,Chicken Parmesan Dinner Kit,9/27/2025
459,Flora Abbie,83,4.19,Bangladesh,Cinnamon Raisin Bagels,12/30/2025
460,Kania Plett,5,3.49,China,Maple Chipotle Glaze,3/12/2025
461,Natty Lefort,88,25,United States,Yoga Mat,12/5/2025
462,Maje Ascrofte,41,4.79,China,Fresh Basil Pesto,8/25/2025
463,Elonore Tortoise,77,14.99,China,Travel Luggage Scale,4/18/2025
464,Vladimir Pischoff,98,199.99,Belarus,Portable Projector,1/17/2026
465,Gaylor Caldecourt,67,4.49,Mexico,Quinoa,8/8/2025
466,Caspar Iacobetto,53,1.89,China,Peas (frozen),4/10/2025
467,Lauren Portman,9,19.99,Russia,Portable UV Sterilizer,6/21/2025
468,Lethia Gatherer,71,59.99,United States,Over-Ear Headphones,5/24/2025
469,Lucius Riach,20,29.99,Poland,Decorative Throw Pillows,7/28/2025
470,Reine Silveston,79,3.99,Poland,Fresh Strawberries,3/30/2025
471,Cosmo Walicki,2,19.99,Indonesia,Snack Container Set,9/29/2025
472,Maynord Dudeney,55,6.49,China,Kale and Quinoa Salad,2/1/2025
473,Hermie Studeart,72,59.99,Philippines,Electric Food Steamer,4/3/2025
474,Napoleon Staveley,25,1.99,Argentina,Himalayan Pink Salt,8/4/2025
475,Silvano Benardeau,83,49.99,Philippines,Herb Garden Planter Box,7/2/2025
476,Nissa Lourenco,31,299.99,Argentina,Adjustable Standing Desk,8/13/2025
477,Ulrikaumeko Jarrette,16,0.79,Mexico,Zucchini,4/6/2025
478,Cindie Sealeaf,98,8.99,China,Toilet Paper (12 rolls),1/18/2026
479,Emmy Grimmett,68,9.99,Philippines,Pet Grooming Gloves,5/29/2025
480,Bayard Handforth,14,3.49,Mexico,Caramel Sauce,3/3/2026
481,Tiler Alpin,8,59.99,Ecuador,Rolling Cooler,1/18/2026
482,Pacorro Moreland,17,2.49,Brazil,Tandoori Chicken Marinade,4/14/2025
483,Jeramie Blann,77,59.99,China,Folding Table,10/10/2025
484,Weston Keaveny,99,24.99,Jordan,Digital Bullet Journal,12/21/2025
485,Irina Butler,18,2.49,Philippines,Kid's Fruit Snacks,2/7/2026
486,Tedda Dransfield,56,3.49,Indonesia,Grapes (red),3/3/2025
487,Marion Rawne,61,8.99,Uruguay,Barbecue Chicken Pizza,11/5/2025
488,Amelina Server,70,6.99,Indonesia,Maple Syrup,11/2/2025
489,Waverly Pickerill,41,3.49,Russia,Organic Coconut Flakes,10/30/2025
490,Eydie Shawyers,28,29.99,Philippines,Wine Glasses,12/10/2025
491,Iago Duffield,91,34.99,Canada,Smart Light Bulbs,2/20/2025
492,Brannon Marzello,21,4.99,Thailand,Cinnamon Sugar Donuts,3/9/2025
493,Luis Boxill,35,15.99,Brazil,Indestructible Dog Toy,4/24/2025
494,Barbra Gitthouse,24,29.99,Iran,Adjustable Laptop Stand,1/20/2026
495,Hakeem Alvares,4,39.99,Russia,Coffee Grinder,6/12/2025
496,Tallou Shark,68,3.99,Tanzania,Energy Bites,2/2/2025
497,Josefina Broadwood,65,29.99,Argentina,Infrared Thermometer Gun,4/19/2025
498,Jaquenette Egerton,12,9.99,South Korea,Smartphone Hand Grip,9/7/2025
499,Anstice Sheldrick,9,29.99,Madagascar,Pet First Aid Kit,1/12/2025
500,Caritta Hardwich,71,4.99,Russia,Berry Smoothie Mix,9/20/2025
501,Ailyn Martinyuk,38,3.99,China,Herb Garlic Butter,4/18/2025
502,Lillis Baroc,97,1.89,China,Maple Almond Yogurt,3/23/2025
503,Marylin Dunkley,35,6.89,Czech Republic,Cinnamon Roll Kit,3/16/2025
504,Garreth Whichelow,8,3.49,Kyrgyzstan,Peach Green Tea,3/15/2025
505,Lucia Napper,62,39.99,Ukraine,Adjustable Resistance Bands,2/26/2026
506,Guthry Magrane,62,19.99,Portugal,Adjustable Stand for Tablets and Smartphones,11/9/2025
507,Verile Suddick,27,1.99,Azerbaijan,Italian Herbal Seasoning,1/12/2025
508,Kenton Beville,13,3.29,Philippines,Lemon Pepper Seasoning,3/31/2025
509,Vin Chastanet,42,4.49,Ukraine,Organic Coconut Yogurt,3/19/2025
510,Leelah Twiddle,72,99.99,China,High-Speed Blender,12/31/2025
511,Elspeth MacAlinden,53,24.99,China,Digital Bullet Journal,2/21/2026
512,Tadeo Toolin,11,29.99,Sri Lanka,Picnic Blanket,2/6/2026
513,Rawley Parkyns,6,5.99,Kazakhstan,Spinach and Cheese Stuffed Shells,5/28/2025
514,Tommie Strowlger,71,49.99,Canada,Camping Chair with Cooler,1/30/2025
515,Bonni Aisbett,25,29.99,Sweden,Portable Solar Phone Charger,3/31/2025
516,Drucie Morby,48,25.99,Colombia,Patterned Knit Scarf,9/7/2025
517,Collete Dollar,75,3.49,Philippines,Pumpkin Spice Pancake Mix,12/2/2025
518,Felix Earles,35,8.99,Colombia,Spicy Tuna Sushi Kit,8/28/2025
519,Linnell Shotter,12,3.19,Thailand,Honey Roasted Peanuts,2/2/2026
520,Bambie Delouch,71,3.99,Brazil,Pecan Pie Filling,2/3/2025
521,Wanids Velden,18,4.99,Brazil,Coconut Oil Spray,2/3/2025
522,Lian Coddington,88,22.99,China,DIY Candle Making Kit,6/13/2025
523,Peggy Windross,35,3.49,Sweden,Sweet BBQ Dipping Sauce,7/30/2025
524,Minetta Mold,85,3.99,Greece,Peanut Butter Banana Smoothie,1/18/2026
525,Terra Brettel,13,2.99,Malaysia,Savory Quinoa Pudding,5/25/2025
526,Cori Hambling,11,5.99,Russia,Dog Training Clicker,8/7/2025
527,Even Wilbud,77,19.99,Argentina,Wireless Induction Charger,8/10/2025
528,Deloris Cambling,82,14.99,Brazil,Eco-Friendly Beeswax Wraps,10/14/2025
529,Chandal McCrachen,63,1.99,Sweden,Coconut Cream Pie Yogurt,1/11/2026
530,Gilli Loyd,26,14.99,France,Silicone Stretch Lids,9/23/2025
531,Sylvia Lockhurst,4,29.99,Brazil,Non-Stick Crepe Pan,7/10/2025
532,Shelli Kleinber,80,2.49,Ukraine,Peach Slices (canned),2/16/2026
533,Arabela Bris,84,3.49,China,Raspberry Vanilla Greek Yogurt,2/16/2025
534,Alix Lyburn,82,6.49,Sweden,Savory Breakfast Sausage,3/29/2026
535,Konstanze Simoni,94,49.99,Myanmar,Wireless Range Extender,2/27/2026
536,Valera Helsdon,75,39.99,Bahamas,High-Pressure Handheld Shower Head,3/2/2025
537,Gunilla Stonbridge,34,2.99,Indonesia,Miso Soup Starter,3/31/2025
538,Anabella Penkethman,43,2.69,Indonesia,Balsamic Vinaigrette,7/25/2025
539,Georgeanna Buckenham,87,64.99,Serbia,Classic Pumps,11/17/2025
540,Anson Peasnone,17,49.99,Brazil,Canvas High-Top Sneakers,1/31/2026
541,Les Spacie,32,22.99,Paraguay,Children's Garden Tool Set,10/7/2025
542,Laurella Laurant,71,3.89,Brazil,Coconut Yogurt,5/7/2025
543,Rosanna Stenton,42,19.99,Iraq,Stainless Steel Travel Mug,7/12/2025
544,Horatius Claricoates,88,1.99,China,Coconut Cashew Yogurt,11/29/2025
545,Cleopatra Matejic,52,2.29,Austria,Chocolate Mint Cookies,7/1/2025
546,Ardys Spolton,21,59.99,China,Stylish Wireless Earbuds,1/31/2025
547,Antone Hounihan,14,12.99,Russia,Yoga Mat Carrier,12/16/2025
548,Moria Alkin,51,2.59,Indonesia,Honey Garlic Sauce,9/17/2025
549,Rora Haccleton,30,39.99,Philippines,Pet Travel Carrier,8/18/2025
550,Ewell Wyndham,54,24.99,Ukraine,Insulated Coffee Mug,3/31/2025
551,Mackenzie Cahen,16,59.99,Portugal,Digital Thermostat,3/19/2025
552,Shaina Showalter,86,8.99,Indonesia,Teriyaki Chicken Skewers,8/20/2025
553,Hyacinth Davidzon,46,19.99,Iran,Wrist Support Brace,1/9/2026
554,Tabby Dible,43,4.19,China,Organic Coconut Sugar,10/6/2025
555,Shelby Kolin,22,24.99,Poland,Photo Album,5/4/2025
556,Cecilio De Hoogh,66,3.79,China,Wild Rice Pilaf,3/5/2026
557,Thomasa Pieter,59,24.99,Portugal,Dish Rack,11/23/2025
558,Abagael Fransson,81,79.99,China,Tailored Dress Pants,9/6/2025
559,Falkner Bavidge,99,5.49,China,Puff Pastry,1/1/2026
560,Deina Pedrol,82,59.99,Greece,Portable Hammock Swing,2/12/2026
561,Jillana Scolding,28,9.99,Brazil,Herbal Tea Infuser,3/16/2026
562,Patrick Canning,78,2.99,Portugal,Maple Oatmeal,9/4/2025
563,Abram Kordes,14,99.99,Philippines,Tailored Blazer,6/12/2025
564,Nani Ferrettino,70,1.29,China,Vanilla Pudding Mix,3/30/2025
565,Oby Caldron,68,24.99,Portugal,Kids' Craft Supplies Set,3/10/2025
566,Eulalie Carwithen,58,3.99,Venezuela,Turkey Bacon,2/25/2025
567,Regan Stacey,32,5.99,Sweden,Mixed Berry Smoothie Pack,10/8/2025
568,Misha Sayer,92,3.29,Peru,Traditional Hummus,3/2/2025
569,Sonia Toffolini,9,4.99,Somalia,Chickpea Pancakes,3/16/2026
570,Madalyn Meers,55,2.99,Poland,Asian Stir-Fry Vegetables,7/17/2025
571,Elke Vasyunin,56,29.99,Indonesia,Fleece Throw Blanket,2/15/2026
572,Cameron Favey,43,3.49,China,Sweet Chili Thai Sauce,12/12/2025
573,Denise Dewett,75,39.99,Myanmar,Portable Bluetooth Keyboard,2/22/2025
574,Ainslee Westmancoat,14,4.99,Bahrain,Spinach Artichoke Dip,10/19/2025
575,Mollie Minerdo,65,6.49,Peru,Kale and Quinoa Salad,3/31/2026
576,Kristofor Stanford,95,25.99,Tajikistan,Travel Makeup Organizer,5/7/2025
577,Pearla Fowlestone,87,24.99,Pakistan,Wireless Car Charger,11/24/2025
578,Thaine Ingolotti,97,5.99,China,Sesame Noodles,1/24/2026
579,Sylas Tydeman,30,39.99,Thailand,Electric Fondue Pot,2/20/2026
580,Pierrette MacGown,10,129.99,Argentina,Luxury Memory Foam Mattress Topper,1/9/2025
581,Shanan Patroni,67,49.99,Peru,Compact Folding Table,11/21/2025
582,Joete Harbinson,69,15.99,China,Sporty Cap,2/26/2026
583,Eldridge Birdseye,1,3.79,Peru,Dried Apricots,11/20/2025
584,Laverne Goracci,2,22.99,Nigeria,Jennifer's Amazing Lip Balm Kit,3/24/2026
585,Hamnet Thibodeaux,57,4.59,Brazil,Artisan Bread,6/17/2025
586,Rosanne Cleugh,28,22.99,Yemen,Silicone Wine Glasses,11/15/2025
587,Jodie Comerford,59,2.99,China,Garlic Herb Cream Cheese,12/25/2025
588,Boycey Feehily,44,1.49,Pakistan,Cinnamon Sugar Mix,9/1/2025
589,Kevan Peron,83,3.99,Russia,Sesame Oil,2/11/2026
590,Maurise MacAvaddy,97,19.99,China,Fall-Themed Table Runner,1/18/2026
591,Ibbie Dowe,63,15.99,United Arab Emirates,Eco-Friendly Yoga Blocks,3/26/2025
592,Cristal Corfield,8,10.99,Mongolia,Heart-Shaped Baking Molds,3/5/2026
593,Meaghan Naptine,82,39.99,Thailand,Adjustable Resistance Bands,8/7/2025
594,Kristofer Anders,43,20.99,China,Electric Heating Pad,10/6/2025
595,Abbott Mullins,41,49.99,Myanmar,Portable Bluetooth Speaker,11/30/2025
596,Quentin Insworth,70,12.99,Philippines,Stainless Steel Straws,10/27/2025
597,Kyrstin Tzuker,80,19.99,Thailand,Warm Knit Beanie,3/22/2025
598,Tait Percifer,62,2.29,Indonesia,Cheddar Cheese Crackers,3/15/2025
599,Lynnell Looby,57,3.99,China,Free-Range Eggs,3/8/2025
600,Margi Jacob,16,24.99,Indonesia,Classic Baseball Cap,1/17/2026
601,Ronnie Corris,95,17.99,Nigeria,Wall Calendar,5/7/2025
602,Hale Casina,66,24.99,Sweden,Bluetooth Car Adapter,6/23/2025
603,Gav Fawley,61,29.99,China,Pizza Stone,12/11/2025
604,Renaldo Earwaker,37,16.99,Philippines,Pet Grooming Scissors,4/7/2025
605,Amelita Steffens,65,59.99,Iran,Stylish Wireless Earbuds,8/15/2025
606,Janek Harse,87,2.99,Lithuania,Crispy Kale Chips,5/16/2025
607,Zorine Egleton,50,22.99,Brazil,Bamboo Cotton Tank Top,3/4/2025
608,Gay Gumery,60,5.99,Canada,Quinoa Salad,1/24/2026
609,Jacklin Wieprecht,30,5.49,Cambodia,Sweet Potato & Kale Hash,1/21/2026
610,Wolfgang Van Bruggen,42,3.29,Czech Republic,Chickpea Flour,1/23/2025
611,Deeanne Yarnell,36,54.99,China,Classic Black Trousers,6/6/2025
612,Shantee Files,61,19.99,Philippines,Scented Candles,3/22/2025
613,Oswald Pairpoint,30,12.99,Senegal,Stainless Steel Straws,11/20/2025
614,Kimberlyn Starr,27,3.99,Sweden,Vegetarian Chili,4/25/2025
615,Boone Sawdy,21,2.99,China,Frozen Cauliflower Rice,1/27/2025
616,Nady Laborde,94,2.99,Azerbaijan,Mushrooms,10/22/2025
617,Ezequiel Ware,39,59.99,China,Satin Slip Dress,7/10/2025
618,Odille Baroche,58,9.99,Sweden,Grass Fed Beef Patties,11/11/2025
619,Betta Dietmar,97,39.99,Czech Republic,Infrared Thermometer,4/22/2025
620,Sean Seymark,9,14.99,Iran,Smartphone Holder for Car,7/17/2025
621,Marietta Bortoloni,13,69.99,China,Wire Shelving Unit,4/28/2025
622,Valerie Bettlestone,29,2.79,Indonesia,Pumpkin Seeds,9/21/2025
623,Gavra McQuillen,67,249.99,Japan,Compact Digital Camera,5/9/2025
624,Judith Ailmer,99,3.49,Azerbaijan,Apple Cinnamon Breakfast Muffins,3/31/2025
625,Noelle Traves,64,3.49,Morocco,Kombucha Drink,1/1/2026
626,Hurley Reynish,47,24.99,China,Portable Hand Warmer,8/29/2025
627,Brian Featley,56,39.99,Indonesia,Pet Carrier,3/23/2025
628,Jeffry Ruane,60,3.99,Brazil,Red Lentil Pasta,12/26/2025
629,Wyatan Earey,71,1.49,Russia,Fresh Cilantro,9/28/2025
630,Jerrine Whittock,53,8.99,Russia,Barbecue Chicken Pizza,1/2/2026
631,Christen Duffus,100,19.99,Indonesia,USB Wall Charger,3/11/2025
632,Geno Abbey,45,29.99,Samoa,Bicycle Lock,10/22/2025
633,Ulrica Lamburn,75,4.49,Brazil,Cinnamon Rolls,7/26/2025
634,Jaquith Keynes,93,39.99,Panama,Electric Rice Cooker,3/6/2025
635,Kellby MacGorrie,28,4.49,Czech Republic,Granola Cereal,8/24/2025
636,Giffer Abramovici,94,15.99,Thailand,Silicone Baking Molds,4/28/2025
637,Niven Rivalant,69,10.99,China,Pork Tenderloin,11/17/2025
638,Jelene Isaksen,44,2.99,France,Balsamic Salad Dressing,4/4/2025
639,Hetty Gantzer,1,22.99,Czech Republic,DIY Lip Balm Making Kit,4/26/2025
640,Corrianne Yukhnini,68,39.99,Russia,Stainless Steel Water Pitcher,12/5/2025
641,Rycca Remnant,54,4.29,United Kingdom,Sweet Potato Tots,6/17/2025
642,Roseanne Balasini,79,4.99,Portugal,Balsamic Vinegar,3/3/2025
643,Emlynne Banck,25,4.49,Poland,Lentil Vegetable Curry,3/14/2025
644,Esmaria Surby,82,299.99,Sweden,Robot Vacuum Cleaner,7/21/2025
645,Ellwood Jinkins,12,2.99,China,Low-Fat Cottage Cheese,1/24/2026
646,Carolina Birts,27,79.99,Brazil,Tailored Dress Pants,1/3/2026
647,Tabby Astall,50,3.49,France,Caramel Sauce,12/12/2025
648,Bartholemy Beminster,81,5.99,Philippines,Maple Breakfast Sausage,1/4/2026
649,Franny Spurdle,52,29.99,China,Smartphone Tripod,11/13/2025
650,Chance Velte,65,1.99,China,Sesame Seeds,7/23/2025
651,Pavia Shrimptone,82,24.99,France,Interchangeable Watch Bands,1/27/2026
652,Jacobo Gosnell,10,12.99,Ukraine,Yoga Strap,6/2/2025
653,Barris Ingleston,46,12.99,France,Set of Measuring Spoons,1/23/2025
654,Sloan Alexsandrovich,6,2.99,Brazil,Frozen Cauliflower Rice,5/2/2025
655,Catharina Gleed,100,139.99,Greece,Kids' Trampoline,1/28/2026
656,Audrey Wye,75,1.49,Croatia,Organic Green Apples,1/30/2025
657,Faythe Yarranton,64,20.99,Honduras,Electric Heating Pad,1/6/2026
658,Maiga Janaway,68,2.29,Indonesia,Rice Pudding,8/8/2025
659,Joellyn Coote,43,3.99,Greece,Spaghetti Squash,1/21/2026
660,Preston Czyz,74,4.19,Brazil,Cranberry Almond Biscotti,11/6/2025
661,Cletis Gorce,38,15.99,Poland,Eco-Friendly Yoga Blocks,2/10/2026
662,Caldwell Stallard,27,7.19,Philippines,Dark Chocolate Covered Almonds,7/1/2025
663,Maressa Scutchings,58,89.99,China,Tennis Racket,3/21/2025
664,Ermengarde Lechmere,63,6.49,Iran,Mediterranean Chickpea Bowl,5/23/2025
665,Emily Gaytor,91,64.99,Brazil,Rain Jacket,10/5/2025
666,Dacie Steabler,51,6.99,Ukraine,Chicken Sausage,1/25/2026
667,Colleen Chieco,38,2.99,Portugal,Homestyle Chicken Noodle Soup,4/20/2025
668,Neda Missenden,52,2.99,China,Herb Seasoned Croutons,1/4/2026
669,Ina Paolino,82,19.99,Indonesia,Smart Wi-Fi Light Bulbs,6/16/2025
670,Guenevere Danilovich,39,3.29,China,Honey Mustard Dip,2/25/2026
671,Vito Flawith,26,4.99,Peru,Himalayan Salt Grinder,3/6/2026
672,Julius Spensly,21,199.99,Brazil,Home Office Chair,7/9/2025
673,Katine Pennacci,69,34.99,Bulgaria,Fitness Resistance Bands Set,2/2/2025
674,Renelle Milazzo,36,4.99,Brazil,Chipotle Black Bean Burger,2/23/2025
675,Aleen Kirkman,41,8.49,Canada,Honey Garlic Shrimp,3/11/2026
676,Jody Wulfinger,3,349.99,Brazil,Inflatable Paddle Board,11/21/2025
677,Brant Selly,66,2.29,Peru,Caramelized Onion Dip Mix,12/2/2025
678,Elfie Crevagh,1,4.99,China,Granola Bars,5/9/2025
679,Bess Stolte,60,29.99,Portugal,Desk Lamp with USB Port,1/8/2026
680,Raquela Hawkey,65,3.99,Dominican Republic,Energy Bites,3/4/2025
681,Babita Bruckental,93,4.99,Christmas Island,Kale Salad with Lemon Dressing,11/8/2025
682,Gabriela Druery,90,45.99,China,Mini Cordless Vacuum Cleaner,1/6/2026
683,Gerik Ecles,25,4.29,Sweden,Apricot Jam,3/27/2025
684,Adria Jasper,61,5.99,Cameroon,Organic Quinoa Salad,3/13/2026
685,Maegan Bridgland,55,399.99,Norway,Portable Solar Generator,8/4/2025
686,Wang Lynds,28,0.99,Greece,Cucumber,11/16/2025
687,Siward Flipsen,91,3.89,Pakistan,Coconut Curry Sauce,1/18/2026
688,Correna Gladwin,84,3.99,Kazakhstan,Sweet and Spicy Barbecue Sauce,11/11/2025
689,Billi Broadbridge,11,3.99,Indonesia,Sliced Bell Peppers,7/18/2025
690,Jacob Compton,34,3.89,Japan,Coconut Yogurt,1/13/2025
691,Jodie Knevet,72,3.19,Poland,Honey Roasted Peanuts,12/9/2025
692,Benny McGinnell,3,22.99,Indonesia,Rechargeable Hand Warmer,5/23/2025
693,Emerson Borne,44,4.99,United States,Thai Peanut Noodles,3/12/2026
694,Harry Earlam,16,19.99,Brazil,Reusable Silicone Food Storage Bags,3/22/2026
695,Sheree Morsey,29,2.99,Czech Republic,Organic Baby Carrots,7/5/2025
696,Lynnelle Hurne,75,6.49,Russia,Almond Butter,5/8/2025
697,Edouard Klaaasen,67,14.99,China,Smartphone Holder for Car,12/1/2025
698,Jesse Minshaw,36,49.99,United States,Workstation Laptop Stand,10/25/2025
699,Torr Dare,63,24.99,United States,Magnetic Puzzle Board,5/13/2025
700,Dennie Rochester,35,5.49,Peru,Puff Pastry,3/6/2026
701,Melamie Urry,11,249.99,Luxembourg,Adjustable Dumbbells,3/26/2026
702,Bekki Meachan,68,6.29,Peru,Grilled Veggie Burgers,7/19/2025
703,Morey Craft,83,2.49,Indonesia,Nutty Granola Clusters,10/7/2025
704,Alana Tchaikovsky,63,2.99,Philippines,Organic Whole Wheat Flour,4/5/2025
705,Kurt Kalkofer,84,2.79,China,Chocolate Almond Milk,8/8/2025
706,Bibi Scarth,7,18.99,China,Dish Soap Dispenser,3/21/2026
707,Monroe Christene,48,19.99,Philippines,Adjustable Stand for Tablets and Smartphones,1/7/2025
708,Lonna Stower,14,1.99,China,Frozen Spinach,7/14/2025
709,Mikol Cubbin,84,49.99,China,Handmade Leather Wallet,3/22/2025
710,Win Elcoux,52,79.99,Philippines,Classic Black Dress,10/13/2025
711,Blakeley Dyball,48,24.99,Indonesia,Cooking Utensil Set,10/18/2025
712,Tedd Donoghue,86,4.49,Micronesia,Maple Pecan Granola,12/6/2025
713,Fransisco Russe,90,149.99,Poland,Pet Camera with Treat Dispenser,6/24/2025
714,Thedric Norcliff,51,49.99,China,Self-Massaging Pillow,2/17/2026
715,Wallace Ourtic,90,29.99,Denmark,Desk Lamp with USB Port,7/10/2025
716,Teddi Sedman,44,29.99,Poland,Laptop Stand,8/14/2025
717,Zaneta Helstrom,94,5.49,Serbia,Sliced Turkey Breast,11/5/2025
718,Duke McKnockiter,45,24.99,Ukraine,Photo Album,10/16/2025
719,Morganica Cabane,99,8.99,Portugal,Spinach and Feta Stuffed Chicken Breast,12/1/2025
720,Ange Point,88,49.99,Sweden,Digital Voice Recorder,1/19/2026
721,Moria Froude,8,39.99,China,Infrared Thermometer,8/26/2025
722,Jobye Cullingford,15,5.49,Poland,Ground Turkey,11/28/2025
723,Corey Tedorenko,22,49.99,Russia,Electric Rice Cooker with Steamer,11/24/2025
724,Nico Taft,41,14.99,Iran,Adjustable Yoga Mat Strap,4/12/2025
725,Essy Smidmoor,66,2.49,Indonesia,Tuscan Bean Soup,3/28/2026
726,Pall Kikke,83,18.99,Tajikistan,Adjustable Kneeling Pad,11/15/2025
727,Ado Iashvili,49,34.99,Philippines,Interactive Robot Toy,3/20/2026
728,Consolata Graysmark,47,2.99,Portugal,Herb Seasoned Rice,7/21/2025
729,Jaquith McIlwrath,38,4.29,Brazil,Roasted Garlic,11/20/2025
730,Zoe Trembley,31,129.99,Tunisia,Luxury Memory Foam Mattress Topper,1/12/2026
731,Fannie Main,13,14.99,South Korea,Fitness Activity Journal,6/11/2025
732,Brion Gladman,94,1.99,Equatorial Guinea,Sliced Olives,4/11/2025
733,Myra Starkie,91,1.99,Nicaragua,Almond Joy Protein Bars,11/27/2025
734,Nonna Finnes,35,2.29,Brazil,Egg Noodles,1/26/2025
735,Wayland Pardon,56,89.99,Peru,Smart Wi-Fi Camera,11/4/2025
736,Eden Dowles,71,24.99,Palestinian Territory,Shatterproof Wine Glasses,2/16/2025
737,Jesse Jeandillou,92,5.99,Belarus,Pepperoni Pizza Roll-Ups,12/13/2025
738,Susann Micheau,56,79.99,Philippines,Home Brewing Starter Kit,12/22/2025
739,Jase Pennone,56,3.49,Philippines,Apple Cinnamon Instant Oatmeal,1/19/2026
740,Alyda Van der Spohr,97,39.99,China,Pet Travel Carrier,10/27/2025
741,Bibby Iddison,72,3.29,China,Hibiscus Herbal Tea,6/23/2025
742,Sibeal Churchouse,46,3.49,China,Classic Caesar Dressing,5/25/2025
743,Davy Baysting,28,79.99,Indonesia,Classic Black Dress,7/7/2025
744,Marlon Toffoletto,70,2.59,China,Rice Pilaf Mix,1/18/2026
745,Lewie Leggat,45,4.49,Russia,Banana Nut Muffins,2/8/2026
746,Mirabelle Alexsandrovich,41,25.99,Palestinian Territory,Wireless Mouse,7/11/2025
747,Piotr Willoway,52,59.99,Indonesia,Electric Food Steamer,3/5/2025
748,Ranee Coole,5,99.99,Indonesia,Classic Watch,6/1/2025
749,Armando Poppleston,47,12.99,Indonesia,Shower Curtain Hooks,4/30/2025
750,Corene Chattell,52,39.99,China,Personal Blender with Travel Cup,10/15/2025
751,Rorke Thurner,63,4.99,Indonesia,Lemon Basil Pasta Sauce,2/2/2025
752,Mufinella Huston,99,4.5,Poland,Mango Sticky Rice Dessert,5/9/2025
753,Oralia Gaw,19,2.79,Japan,Pumpkin Seeds,1/10/2026
754,Normie Degoix,22,22.99,Thailand,Puzzle 3D Model Kit,5/7/2025
755,Elspeth Shearman,43,12.99,Mexico,Over-the-Door Hooks,2/20/2025
756,Valeria Hoodspeth,93,5.99,United Kingdom,Beef Stew Meat,7/1/2025
757,Ann Blaydes,39,2.99,Thailand,Vegetable Medley,8/28/2025
758,Louisa Durtnell,78,44.99,Portugal,Sports Windbreaker,2/2/2025
759,Sherill Kitto,47,3.49,Ivory Coast,Raspberry Vanilla Greek Yogurt,1/2/2026
760,Kathryn Pierse,14,129.99,Indonesia,Kids' Learning Tablet,6/2/2025
761,Townsend Harmour,26,149.99,Greece,Outdoor Portable Fire Pit,7/2/2025
762,Rolando Rosenbusch,35,6.29,Indonesia,Butternut Squash Ravioli,11/17/2025
763,Elvyn Lucus,23,2.79,Peru,Classic BBQ Sauce,9/27/2025
764,Bearnard Leadbeatter,11,9.99,Portugal,Chicken Breasts,6/9/2025
765,Constancia Davenall,71,3.99,Sweden,Sweet Potato Fries,6/20/2025
766,Ruttger Eixenberger,7,18.99,China,Dish Soap Dispenser,5/11/2025
767,Broddy Ryle,68,99.99,Ecuador,Kettle BBQ Grill,1/15/2025
768,Larissa Gallafant,31,12.99,Japan,Eco-Friendly Stainless Steel Straws,2/20/2025
769,Allsun Ballinger,1,0.75,Venezuela,Fresh Lemons,12/15/2025
770,Valida Fellos,1,7.49,Greece,Cheddar & Bacon Potato Skins,1/28/2025
771,Rupert Gives,44,29.99,Canada,Electric Can Opener,12/29/2025
772,Maurise Carette,79,1.99,Portugal,Greek Yogurt,10/3/2025
773,Hayes Story,76,5.99,Indonesia,Spinach and Cheese Stuffed Shells,1/31/2026
774,Rolf Ronchka,60,3.99,Portugal,Cranberry Pecan Granola,10/21/2025
775,Carolina Phillott,99,8.99,Ukraine,Barbecue Chicken Pizza,12/19/2025
776,Eliza Finn,53,8.49,China,Italian Meatballs,3/9/2026
777,Clair Roycroft,78,89.99,Saint Kitts and Nevis,Portable Charcoal Grill,3/10/2026
778,Martyn Calvie,57,6.49,Russia,Pecan Nuts,12/15/2025
779,Sheelah Landon,55,59.99,Slovenia,Pasta Maker Machine,2/23/2025
780,Zelig Tinsley,9,19.99,Argentina,Non-Stick Grill Mat,1/14/2026
781,Marguerite Brownsworth,63,14.99,Indonesia,LED Flashing Pet Collar,4/9/2025
782,Tedman Lopez,59,25,Vietnam,Yoga Mat,8/12/2025
783,Angelo Leighfield,44,49.99,Argentina,Multi-Functional Rice Cooker,3/23/2026
784,Elisa Smallacombe,34,3.49,Philippines,Maple Bacon Popcorn,5/25/2025
785,Lena Breacher,20,89.99,Russia,Instant Camera,11/4/2025
786,Olvan Bewshire,17,299.99,China,Digital Camera,6/25/2025
787,Perkin Sonschein,93,3.99,Sweden,Nordic Berry Smoothie,9/23/2025
788,Stace Titt,87,7.49,Portugal,Teriyaki Beef Strips,11/29/2025
789,Doretta Eubank,92,39.99,China,Mesh Sports Leggings,12/12/2025
790,Christophe Dollar,37,19.99,Poland,Kids' Building Blocks,1/11/2025
791,Graham Nisuis,6,5.49,Philippines,Sliced Turkey Breast,1/3/2025
792,Fania Naul,87,2.99,Argentina,Basil Tomato Soup,8/27/2025
793,Livvie Gockeler,18,12.99,Ireland,Compact Umbrella,3/3/2025
794,Jackqueline Fardell,65,2.29,Afghanistan,Coconut Rice,2/23/2025
795,Deb Sherburn,21,22.99,Japan,Eco-Friendly Disposable Plates,1/13/2025
796,Mechelle Radish,28,359.99,China,Electronic Drum Kit,5/20/2025
797,Jenelle Hasnney,62,2.49,Brazil,Thai Green Curry Paste,5/18/2025
798,Ody Bittlestone,85,6.99,Greece,Oven-Baked Chicken Tenders,1/23/2025
799,Conn Buckeridge,53,15.99,Israel,Potting Soil,7/28/2025
800,Susannah Peacher,24,24.99,Indonesia,Wi-Fi Enabled Smart Light Switch,10/26/2025
801,Lindsay Garvagh,74,22.99,Russia,Puzzle Mat,1/23/2025
802,Sammy De la Feld,94,1.89,China,Organic Apples,3/6/2026
803,Tobe Mitchinson,6,19.99,Colombia,Window Bird Feeder,3/14/2025
804,Eustacia Heiner,67,22.99,Russia,Silicone Wine Glasses,1/23/2025
805,Barbabas Shrimptone,12,3.49,Bulgaria,Maple Cinnamon Granola Bars,7/7/2025
806,Frasquito Burgott,4,3.99,Poland,Fresh Strawberries,1/7/2025
807,Sara Rosindill,28,6.99,Russia,Vegetable Stir-Fry Kit,1/8/2025
808,Vyky Enns,64,59.99,China,Smart Scale,8/24/2025
809,Sharline Lydford,42,79.99,Czech Republic,Weighted Blanket,6/12/2025
810,Sidnee Measen,15,3.29,Argentina,Italian Marinara Sauce,12/28/2025
811,Karim Bowler,19,9.99,Philippines,Herbal Tea Infuser,8/17/2025
812,Waverly Molan,60,99.99,Indonesia,Emergency Preparedness Kit,12/13/2025
813,Nikkie Huglin,26,2.89,China,Maple Bacon Potato Chips,1/28/2025
814,Noby Morfett,58,89.99,Czech Republic,Vacuum Sealer Machine,5/23/2025
815,Lamond Kydde,18,99.99,Afghanistan,Stylish Combat Boots,4/14/2025
816,Fergus Junifer,93,15.99,Sweden,Silicone Baking Mat,10/18/2025
817,Liv Ciobotaru,92,4.49,North Korea,Lentil Vegetable Stew,9/14/2025
818,Bald Polglaze,31,2.99,China,Crispy Chickpeas,6/5/2025
819,Gannon Bercher,47,69.99,Madagascar,Trendy Bomber Jacket,10/6/2025
820,Frederick Philpin,91,29.99,China,LED Canopy Lights,1/30/2025
821,Tades Chapling,64,1.99,Chile,Raspberry Limeade,1/8/2025
822,Talyah Mirfin,59,2.99,Canada,Roasted Chickpeas,3/25/2025
823,Virginia Trainer,53,8.99,Czech Republic,Honey Sesame Chicken,10/4/2025
824,Renae Drews,84,3.49,China,Oatmeal Raisin Cookies,12/9/2025
825,Belinda Cyster,51,59.99,Tanzania,Satin Slip Dress,6/19/2025
826,Suzanna Denge,16,19.99,China,Portable UV Sterilizer,4/16/2025
827,Anson Tibbits,87,4.99,Indonesia,Vegan Alfredo Sauce,9/24/2025
828,Mellisa Dearan,57,3.99,Nigeria,Organic Brown Rice Cakes,6/15/2025
829,Alica Ashlee,81,34.99,Thailand,Snap-On Tupperware Set,3/17/2026
830,Kacy Fayers,30,39.99,China,Kitchen Knife Sharpening System,10/31/2025
831,Zuzana Burfitt,62,49.99,Russia,Garden Hose Reel,7/13/2025
832,Fons Emms,82,6.49,Indonesia,Almond Flour Biscuits,9/4/2025
833,Massimo Newlands,78,39.99,Czech Republic,Smart Water Bottle,8/1/2025
834,Tiphanie Tuckerman,41,24.99,Indonesia,Pet Food Storage Container,1/6/2025
835,Rolfe Maulden,78,49.99,Russia,Heated Throw Blanket,1/2/2025
836,Matthieu Simons,48,3.59,China,Mediterranean Couscous,10/23/2025
837,Hillier Grinter,90,8.99,Vietnam,Toilet Paper (12 rolls),11/2/2025
838,Maurits Giordano,18,4.29,Sweden,Classic Pesto Sauce,6/3/2025
839,Ethel Elsay,79,12.99,Croatia,Whisk Set,11/18/2025
840,Chere Claesens,81,4.29,China,Vanilla Almond Granola,11/29/2025
841,Ethan Margrie,68,49.99,Russia,Leather Wallet,2/19/2026
842,Angelia Olenin,98,299.99,China,Robot Vacuum Cleaner,1/25/2026
843,Leopold Carnachen,57,5.99,Indonesia,Organic Vanilla Bean Ice Cream,6/24/2025
844,Caspar Bruckstein,40,19.99,Japan,Portable UV Sterilizer,11/20/2025
845,Shelby Woodbridge,44,29.99,China,Compact Hair Dryer,10/6/2025
846,Onfre Grimsdith,93,59.99,Ukraine,Indoor Grill,5/16/2025
847,Ernst Pearcehouse,59,5.49,Indonesia,Beef Tacos,12/18/2025
848,Mina Eddow,43,30,Philippines,Portable Blender,3/11/2025
849,Westbrooke Beckinsale,36,19.99,Mexico,Vegetable Spiralizer,11/11/2025
850,Cloris Heeron,44,8.99,France,Honey Sesame Chicken Mix,9/4/2025
851,Krystal Fowlds,82,79.99,Lithuania,Golf Putting Green,10/5/2025
852,Cassie Pindell,13,4.29,Slovenia,Blueberry Muffin Mix,9/12/2025
853,Brandon Bramo,32,1.99,China,Frozen Spinach,1/17/2025
854,Dorette Whitbread,42,3.49,Myanmar,Organic Tomato Ketchup,4/21/2025
855,Paloma Doohan,16,45.99,China,Portable Charger with Solar Panel,3/27/2025
856,Penelope Skin,69,19.99,Portugal,Herbal Tea Set,12/11/2025
857,Raff Allso,61,69.99,Peru,Wireless Earbuds,4/1/2026
858,Hedwig Elijah,67,1.29,China,Canned Black Beans,7/17/2025
859,Beverley Wofenden,33,1.99,Ukraine,Organic Sweet Potatoes,6/29/2025
860,Brigida Ramberg,27,8.99,Argentina,Honey Sesame Chicken Mix,4/19/2025
861,Jerri Lindenstrauss,40,8.99,Cuba,Italian Sausage and Peppers,2/23/2026
862,Phoebe Thiem,21,99.99,Paraguay,Fitness Smartwatch,9/29/2025
863,Juliette Chapleo,4,29.99,Nigeria,Compact Hair Dryer,6/22/2025
864,Tani Pargiter,33,12.99,Indonesia,Set of Measuring Spoons,3/16/2026
865,Dalila Kearns,37,3.29,Tajikistan,Zesty Cilantro Lime Dressing,8/6/2025
866,Osborn Brace,58,7.49,Canada,Vegan Tacos,5/11/2025
867,Eleonora Thwaite,85,14.99,Brazil,Electric Toothbrush Holder,8/11/2025
868,Binni Ros,47,19.99,Sweden,Watercolor Brush Pens,9/20/2025
869,Naomi Gaynes,99,69.99,Mexico,Trainers with Mesh Inserts,8/7/2025
870,Drucie Lorraway,52,3.99,France,Vegan Chickpea Salad,7/21/2025
871,Ellie Dell Casa,79,34.99,Czech Republic,Bike Helmet,2/4/2025
872,Livvy Spat,18,5.99,Philippines,Kale Caesar Salad Kit,6/17/2025
873,Kerri Allone,49,1.99,China,Peach Fruit Cups,7/20/2025
874,Leola Limbourne,20,8.49,Russia,Spicy Vegetable Sushi Rolls,2/20/2025
875,Dre Ribbens,26,14.99,Panama,Kids' Activity Book,3/23/2025
876,Kyle Colbourn,24,24.99,Greece,Travel Mug with Leak-Proof Lid,1/2/2025
877,Eimile Clayill,26,5.29,Sweden,Quinoa and Kale Salad Kit,4/10/2025
878,Remus Purton,38,2.49,Russia,Whole Wheat Pasta,12/2/2025
879,Latrina Ferrie,50,5.99,Russia,Organic Quinoa Salad,2/7/2025
880,Henryetta Creamen,56,24.99,Indonesia,Magnetic Spice Jars,6/14/2025
881,Natalee Hogbin,41,4.49,Colombia,Banana Nut Muffins,4/30/2025
882,Sibyl Piff,33,5.29,China,Avocado Oil Mayo,4/12/2025
883,Maitilde Seeks,52,19.99,Mexico,Car Sunshade,3/2/2025
884,Gian Fincher,58,3.99,China,Zucchini Noodles,12/29/2025
885,Leigh Kach,95,39.99,Brazil,Noise Reduction Headphones,2/8/2026
886,Jude Sivill,19,2.49,Uzbekistan,Herb Seasoned Couscous,1/1/2026
887,Aurthur Gyngyll,93,29.99,Armenia,Smartphone Tripod,2/8/2025
888,Weider Cases,7,12.99,Indonesia,Tea Infuser,8/31/2025
889,Saul Stollen,85,4.29,China,Crispy Onion Rings,3/10/2026
890,Tanner Rubenov,25,24.99,Indonesia,Inspirational Wall Art,1/14/2025
891,Galvin Cawthorne,52,22.99,China,High-Low Hem Tee,1/3/2026
892,Lorettalorna Colegate,36,8.99,Colombia,Buffalo Stilton Cheese,4/13/2025
893,Joelie Lawrenson,49,5.89,Thailand,Vegetarian Sausage Links,3/11/2025
894,Thorndike Skeete,85,2.49,Czech Republic,Kid's Fruit Snacks,8/9/2025
895,Elvira Dunkerley,78,29.99,China,Cotton Tote Bag Set,3/31/2026
896,Pamella Donn,100,39.99,Jordan,Crew Neck Sweater,1/28/2025
897,Chrotoem Wardley,78,15.99,Czech Republic,Pet Leash,1/17/2025
898,Toinette Pembry,11,129.99,China,Kids' Educational Tablet,3/9/2026
899,Cammy Darree,25,199.99,United States,Underwater Camera,7/15/2025
900,Justinn Reape,44,44.99,Indonesia,Protein Powder,1/25/2025
901,Gabbie Verdey,76,6.99,Indonesia,Basil-infused Olive Oil,7/15/2025
902,Hailee Casaroli,100,199.99,Indonesia,Action Camera,3/27/2025
903,Marylou Keesman,31,79.99,South Africa,Wireless HDMI Transmitter,9/25/2025
904,Ritchie Rump,38,3.99,Ukraine,Craft Beer Mustard,5/6/2025
905,Grady Prop,97,15.99,Ukraine,Sports Bottle,4/6/2025
906,Jyoti Liggett,82,19.99,Ukraine,Handcrafted Wooden Coasters,3/21/2025
907,Bobby Sabey,19,15.99,Russia,Potting Soil,9/1/2025
908,Martie Itzcovichch,82,89.99,Mongolia,Coffee Maker,8/5/2025
909,Nerissa Lambard,48,2.49,China,Whole Wheat Pasta,6/9/2025
910,Elias Clemes,28,10.99,China,Brazil Nuts,3/31/2026
911,Kennan Handyside,39,3.99,Brazil,Peanut Butter Banana Smoothie,3/10/2025
912,Cart Warcop,53,6.99,South Korea,Pistachios,5/11/2025
913,Dianne Trevain,94,6.49,Indonesia,Cacao Nibs,7/13/2025
914,Dido Cinelli,77,39.99,China,Casual Cropped Sweater,5/3/2025
915,Wyatan Duchesne,31,24.99,China,Scented Candle Set,7/1/2025
916,Aida Fawlkes,49,28.99,Philippines,Window Bird Feeder with Suction Cups,8/19/2025
917,Mata Cockrell,14,3.59,Portugal,Sriracha Honey Glaze,3/14/2026
918,Gaven Caiger,27,3.99,Indonesia,Cocoa Powder,11/17/2025
919,Lynn Daniels,43,79.99,China,Sous Vide Cooker,10/11/2025
920,Auberon Menier,14,1.99,United States,Peach Fruit Cups,7/31/2025
921,Molli Adamovitz,19,19.99,Nigeria,Classic White T-Shirt,5/8/2025
922,Guglielmo Owens,81,39.99,Indonesia,High-Pressure Handheld Shower Head,3/30/2025
923,Kent Bruhnke,65,39.99,China,Faux Fur Throw Blanket,8/22/2025
924,Lotta Hexham,47,49.99,Peru,Handmade Leather Wallet,2/12/2025
925,Kathlin Wannell,1,4.19,Canada,Chickpea Pasta,2/21/2025
926,Benjy Reast,52,4.49,Russia,Sun-Dried Tomato Pesto,12/2/2025
927,Swen Adacot,51,19.99,Thailand,LED Flashlight with Rechargeable Batteries,1/14/2025
928,Bay Spataro,21,4.99,China,Smoky BBQ Jackfruit,3/27/2026
929,Imojean Cardinale,62,2.99,China,Basil Lemonade,9/24/2025
930,Cori Glusby,18,19.99,China,Plant-Based Protein Bars,1/2/2026
931,Boonie Sleany,53,3.49,Serbia,Peach Mango Smoothie,1/3/2026
932,Cathlene Diggons,86,39.99,Madagascar,Smart LED Desk Lamp,5/4/2025
933,Delores Matthiae,99,19.99,Mongolia,Watercolor Brush Pens,4/19/2025
934,Gabie Shepton,66,4.89,Philippines,Almond Flour Bread Mix,3/2/2026
935,Vale Mattaus,87,24.99,Portugal,Coffee Capsule Dispenser,9/9/2025
936,Nerte McHugh,41,29.99,China,Children's Science Experiment Lab Kit,8/30/2025
937,Adelaide Spenley,13,299.99,Russia,Robot Vacuum Cleaner,9/17/2025
938,Odette Sellick,46,2.49,South Korea,Coconut Milk,6/6/2025
939,Rob Percifull,80,24.99,Pakistan,Cereal Dispenser with Portion Control,2/22/2025
940,Debora Beaston,89,29.99,Republic of the Congo,Soft Plush Throw Blanket,12/4/2025
941,Conrade Henriet,30,1.99,Indonesia,Coconut Cream Pie Yogurt,9/6/2025
942,Daniella Daouse,20,49.99,China,Heated Throw Blanket,2/26/2025
943,Berny Enriques,8,39.99,Latvia,Spice Rack,3/4/2025
944,Ignacio Capstaff,100,3.29,United States,Coconut Flakes,11/2/2025
945,Karlik Quainton,28,6.49,China,Vegetable Spring Rolls,5/8/2025
946,Aurelia Eaglen,65,299.99,Mexico,Portable Air Conditioner,2/13/2026
947,Ethelyn Yosifov,44,3.99,Greece,Herb Garlic Butter,12/31/2025
948,Ursulina Truran,39,5.49,Brazil,Cheesy Cauliflower Bake,5/3/2025
949,Kare Clemow,32,7.99,Jordan,Olive Oil,11/7/2025
950,Laird Estick,4,34.99,Indonesia,Heavy-Duty Utility Tote,9/11/2025
951,Brena Ledwitch,92,49.99,Philippines,Portable Camping Stove,6/21/2025
952,Reube Rentalll,69,2.49,Russia,Puffed Rice Cake,2/14/2026
953,Cori Gomes,7,2.99,Nigeria,Organic Whole Wheat Flour,5/12/2025
954,Marshall Stodhart,95,6.49,Ecuador,Savory Mushroom Risotto,1/10/2025
955,Welsh Postle,24,4.29,Ukraine,Natural Peanut Butter,9/30/2025
956,Temple Cornall,76,19.99,China,Quality Chef Apron,1/16/2025
957,Gustavus Cottam,56,24.99,France,Magnetic Puzzle Board,10/29/2025
958,Deerdre Curedell,12,29.99,Comoros,Non-Stick Baking Sheets,6/4/2025
959,Laurene Crass,86,5.99,Indonesia,Italian Sausage Links,5/29/2025
960,Laird Halwood,18,5.29,Honduras,Avocado Oil Mayo,4/21/2025
961,Marysa Annable,57,24.99,China,Paint By Numbers Kit,11/26/2025
962,Glynda Eustes,63,5.99,Philippines,Organic Vanilla Bean Ice Cream,8/25/2025
963,Hewie Gowling,59,12.99,Bangladesh,Tea Infuser,10/26/2025
964,Blake Brammall,1,34.99,China,Wall-Mounted Organizer,10/4/2025
965,Abrahan Thome,41,99.99,Guinea-Bissau,Mini Projector for Smartphones,3/3/2026
966,Klarrisa Surphliss,68,89.99,China,Tennis Racket,5/24/2025
967,Simonette Sollars,88,14.99,Bulgaria,Reusable Produce Bags Set,1/7/2025
968,Shani Venner,95,24.99,Russia,Instant Read Meat Thermometer,3/16/2025
969,Karalynn Softley,15,22.99,Macedonia,Bodyweight Resistance Bands,4/6/2025
970,Cosme Walters,58,39.99,Brazil,Pressure Washer Accessories Kit,7/14/2025
971,Holly Bruckman,52,2.29,Thailand,Tuna Fish (canned),5/2/2025
972,Umberto Becke,43,2.99,Yemen,Peanut Butter Chocolate Clusters,11/27/2025
973,Kristian Plumm,83,3.29,Brazil,Peach Salsa,5/15/2025
974,Emanuele Guyonneau,43,22.99,China,Adjustable Garden Rake,1/21/2026
975,Symon Perot,43,19.99,Albania,Non-Stick Grill Mat,2/11/2025
976,Flin Paschke,97,3.29,China,Honey Mustard Sauce,6/2/2025
977,Maurie Maharg,55,2.29,Mexico,Chocolate Mint Cookies,10/22/2025
978,Ignace Alday,53,19.99,South Africa,Natural Soy Candles,2/15/2025
979,Hattie Cuchey,71,29.99,United States,Pizza Stone,4/3/2025
980,Stacey McAlarney,86,169.99,Tanzania,Smart Thermostat with Wi-Fi,11/17/2025
981,Lisa Dahlbom,12,3.49,China,Cheddar Cheese Slices,10/11/2025
982,Jo Everson,12,49.99,Canada,Mini Air Purifier,11/13/2025
983,Ellwood Ramlot,78,3.19,Costa Rica,Californian Raisins,4/3/2025
984,Gustavus Boddy,42,4.99,Russia,Sliced Strawberries,1/18/2026
985,Cobby Pond,68,22.99,Afghanistan,Digital Food Scale,2/24/2026
986,Rhoda Pilling,62,39.99,Colombia,Waffle Maker,6/18/2025
987,Abby Ipsgrave,30,4.99,Philippines,Honey Roasted Almonds,3/26/2026
988,Casey Hayer,41,69.99,United States,Wire Shelving Unit,8/9/2025
989,Derby Farbrother,13,4.49,Thailand,Greek Yogurt Parfait,3/23/2026
990,Rebecka Cicchetto,2,3.49,Thailand,Lemon Herb Quinoa,10/5/2025
991,Cristi Rudd,2,18.99,Philippines,Plant-Based Meal Prep Containers,11/18/2025
992,Magnum Hamlen,78,9.99,Indonesia,Smartphone Hand Grip,2/24/2026
993,Niel Poytres,64,3.99,Belarus,Organic Green Lentils,5/14/2025
994,Zebulon Dolley,26,12.99,Honduras,Biodegradable Trash Bags,3/1/2025
995,Che Sear,7,5.99,Russia,Frozen Fruit Medley,2/23/2025
996,Jada Lehrmann,8,49.99,Thailand,Wireless Range Extender,5/25/2025
997,Matthias Keaveney,15,39.99,Indonesia,Summer Tank Dress,10/27/2025
998,Brynna Ardron,43,29.99,China,LED Christmas Lights,10/7/2025
999,Celestina Licciardi,63,22.99,Russia,Garden Tool Belt,7/28/2025
1000,Pacorro Mansbridge,38,1.5,Yemen,Avocados,9/11/2025
